slot,format,goal,title,caption,cta,hashtags
Monday AM,meme,growth,Ai Creator Chaos - Monday Am Meme,"ai creator chaos - monday am really said: “what if your productivity system needed emotional support?”

I’m trying to be organized, but my brain has a dashboard, a content plan, three side quests, and somehow still no clean laundry.

anyone else in their unhinged era?",follow for more tech chaos + creator survival systems,#AIMemes #AITools #CreatorTools #ContentCreator #CreatorEconomy #TechMemes #ITSupport
Monday PM,carousel,lead capture,Ai Creator Chaos - Monday Pm,"this is your reminder that ai creator chaos - monday pm does not have to become a huge dramatic project.

start with one useful post.
turn it into one small offer.
then let the audience reaction tell you what to make next.

comment KIT if you want the early version of Chaotic Tech Creator Kit.","comment ""KIT"" if you want the early version of Chaotic Tech Creator Kit",#AIMemes #AITools #CreatorTools #ContentCreator #CreatorEconomy #TechMemes #ITSupport
Tuesday AM,meme,engagement,Ai Creator Chaos - Tuesday Am Meme,"ai creator chaos - tuesday am really said: “what if your productivity system needed emotional support?”

I’m trying to be organized, but my brain has a dashboard, a content plan, three side quests, and somehow still no clean laundry.

anyone else in their unhinged era?",tell me your most emotionally damaging tech problem,#AIMemes #AITools #CreatorTools #ContentCreator #CreatorEconomy #TechMemes #ITSupport
Tuesday PM,reel,lead capture,Reel: Ai Creator Chaos - Tuesday Pm,ai creator chaos - tuesday pm is just side quest management with better branding.,"comment ""PROMPTS"" if you want the workflow behind Chaotic Tech Creator Kit",#AIMemes #AITools #CreatorTools #ContentCreator #CreatorEconomy #TechMemes #ITSupport
Wednesday AM,meme,growth,Ai Creator Chaos - Wednesday Am Meme,"ai creator chaos - wednesday am really said: “what if your productivity system needed emotional support?”

I’m trying to be organized, but my brain has a dashboard, a content plan, three side quests, and somehow still no clean laundry.

anyone else in their unhinged era?",follow for more tech chaos + creator survival systems,#AIMemes #AITools #CreatorTools #ContentCreator #CreatorEconomy #TechMemes #ITSupport
Wednesday PM,product_promo,product sale,Chaotic Tech Creator Kit,"I’m building Chaotic Tech Creator Kit 🖤

It’s for people who are dealing with posting consistently while feeling scattered.

Inside: tech meme prompts, caption templates, CTAs, carousel structures, and AI workflow prompts.

I’m keeping the first version small, useful, and not painfully corporate.

Estimated price: $9-$19

comment ""KIT"" if you want early access.","comment ""KIT"" for early access",
Thursday AM,story_pack,lead capture,AI creator chaos - Thursday AM,,comment KIT for Chaotic Tech Creator Kit,
Thursday PM,carousel,save/share,Ai Creator Chaos - Thursday Pm,"this is your reminder that ai creator chaos - thursday pm does not have to become a huge dramatic project.

start with one useful post.
turn it into one small offer.
then let the audience reaction tell you what to make next.

comment KIT if you want the early version of Chaotic Tech Creator Kit.",save this for later and follow for more,#AIMemes #AITools #CreatorTools #ContentCreator #CreatorEconomy #TechMemes #ITSupport
Friday AM,meme,engagement,Ai Creator Chaos - Friday Am Meme,"ai creator chaos - friday am really said: “what if your productivity system needed emotional support?”

I’m trying to be organized, but my brain has a dashboard, a content plan, three side quests, and somehow still no clean laundry.

anyone else in their unhinged era?",tell me your most emotionally damaging tech problem,#AIMemes #AITools #CreatorTools #ContentCreator #CreatorEconomy #TechMemes #ITSupport
Friday PM,reel,service lead,Reel: Ai Creator Chaos - Friday Pm,ai creator chaos - friday pm is just side quest management with better branding.,"comment ""PROMPTS"" if you want the workflow behind Chaotic Tech Creator Kit",#AIMemes #AITools #CreatorTools #ContentCreator #CreatorEconomy #TechMemes #ITSupport
